ID,RESOURCE,URL
1,/repositories/2/resources/1,https://cslarchives.ctstatelibrary.org/repositories/2/resources/1
2,/repositories/2/resources/2,https://cslarchives.ctstatelibrary.org/repositories/2/resources/2
3,/repositories/2/resources/3,https://cslarchives.ctstatelibrary.org/repositories/2/resources/3
6,/repositories/2/resources/6,https://cslarchives.ctstatelibrary.org/repositories/2/resources/6
7,/repositories/2/resources/7,https://cslarchives.ctstatelibrary.org/repositories/2/resources/7
8,/repositories/2/resources/8,https://cslarchives.ctstatelibrary.org/repositories/2/resources/8
9,/repositories/2/resources/9,https://cslarchives.ctstatelibrary.org/repositories/2/resources/9
10,/repositories/2/resources/10,https://cslarchives.ctstatelibrary.org/repositories/2/resources/10
11,/repositories/2/resources/11,https://cslarchives.ctstatelibrary.org/repositories/2/resources/11
12,/repositories/2/resources/12,https://cslarchives.ctstatelibrary.org/repositories/2/resources/12
13,/repositories/2/resources/13,https://cslarchives.ctstatelibrary.org/repositories/2/resources/13
14,/repositories/2/resources/14,https://cslarchives.ctstatelibrary.org/repositories/2/resources/14
15,/repositories/2/resources/15,https://cslarchives.ctstatelibrary.org/repositories/2/resources/15
16,/repositories/2/resources/16,https://cslarchives.ctstatelibrary.org/repositories/2/resources/16
17,/repositories/2/resources/17,https://cslarchives.ctstatelibrary.org/repositories/2/resources/17
18,/repositories/2/resources/18,https://cslarchives.ctstatelibrary.org/repositories/2/resources/18
19,/repositories/2/resources/19,https://cslarchives.ctstatelibrary.org/repositories/2/resources/19
20,/repositories/2/resources/20,https://cslarchives.ctstatelibrary.org/repositories/2/resources/20
21,/repositories/2/resources/21,https://cslarchives.ctstatelibrary.org/repositories/2/resources/21
22,/repositories/2/resources/22,https://cslarchives.ctstatelibrary.org/repositories/2/resources/22
23,/repositories/2/resources/23,https://cslarchives.ctstatelibrary.org/repositories/2/resources/23
24,/repositories/2/resources/24,https://cslarchives.ctstatelibrary.org/repositories/2/resources/24
25,/repositories/2/resources/25,https://cslarchives.ctstatelibrary.org/repositories/2/resources/25
26,/repositories/2/resources/26,https://cslarchives.ctstatelibrary.org/repositories/2/resources/26
27,/repositories/2/resources/27,https://cslarchives.ctstatelibrary.org/repositories/2/resources/27
28,/repositories/2/resources/28,https://cslarchives.ctstatelibrary.org/repositories/2/resources/28
29,/repositories/2/resources/29,https://cslarchives.ctstatelibrary.org/repositories/2/resources/29
30,/repositories/2/resources/30,https://cslarchives.ctstatelibrary.org/repositories/2/resources/30
31,/repositories/2/resources/31,https://cslarchives.ctstatelibrary.org/repositories/2/resources/31
32,/repositories/2/resources/32,https://cslarchives.ctstatelibrary.org/repositories/2/resources/32
33,/repositories/2/resources/33,https://cslarchives.ctstatelibrary.org/repositories/2/resources/33
34,/repositories/2/resources/34,https://cslarchives.ctstatelibrary.org/repositories/2/resources/34
35,/repositories/2/resources/35,https://cslarchives.ctstatelibrary.org/repositories/2/resources/35
36,/repositories/2/resources/36,https://cslarchives.ctstatelibrary.org/repositories/2/resources/36
37,/repositories/2/resources/37,https://cslarchives.ctstatelibrary.org/repositories/2/resources/37
39,/repositories/2/resources/39,https://cslarchives.ctstatelibrary.org/repositories/2/resources/39
40,/repositories/2/resources/40,https://cslarchives.ctstatelibrary.org/repositories/2/resources/40
41,/repositories/2/resources/41,https://cslarchives.ctstatelibrary.org/repositories/2/resources/41
42,/repositories/2/resources/42,https://cslarchives.ctstatelibrary.org/repositories/2/resources/42
43,/repositories/2/resources/43,https://cslarchives.ctstatelibrary.org/repositories/2/resources/43
44,/repositories/2/resources/44,https://cslarchives.ctstatelibrary.org/repositories/2/resources/44
45,/repositories/2/resources/45,https://cslarchives.ctstatelibrary.org/repositories/2/resources/45
46,/repositories/2/resources/46,https://cslarchives.ctstatelibrary.org/repositories/2/resources/46
47,/repositories/2/resources/47,https://cslarchives.ctstatelibrary.org/repositories/2/resources/47
48,/repositories/2/resources/48,https://cslarchives.ctstatelibrary.org/repositories/2/resources/48
49,/repositories/2/resources/49,https://cslarchives.ctstatelibrary.org/repositories/2/resources/49
50,/repositories/2/resources/50,https://cslarchives.ctstatelibrary.org/repositories/2/resources/50
51,/repositories/2/resources/51,https://cslarchives.ctstatelibrary.org/repositories/2/resources/51
52,/repositories/2/resources/52,https://cslarchives.ctstatelibrary.org/repositories/2/resources/52
53,/repositories/2/resources/53,https://cslarchives.ctstatelibrary.org/repositories/2/resources/53
54,/repositories/2/resources/54,https://cslarchives.ctstatelibrary.org/repositories/2/resources/54
55,/repositories/2/resources/55,https://cslarchives.ctstatelibrary.org/repositories/2/resources/55
56,/repositories/2/resources/56,https://cslarchives.ctstatelibrary.org/repositories/2/resources/56
57,/repositories/2/resources/57,https://cslarchives.ctstatelibrary.org/repositories/2/resources/57
58,/repositories/2/resources/58,https://cslarchives.ctstatelibrary.org/repositories/2/resources/58
59,/repositories/2/resources/59,https://cslarchives.ctstatelibrary.org/repositories/2/resources/59
60,/repositories/2/resources/60,https://cslarchives.ctstatelibrary.org/repositories/2/resources/60
61,/repositories/2/resources/61,https://cslarchives.ctstatelibrary.org/repositories/2/resources/61
62,/repositories/2/resources/62,https://cslarchives.ctstatelibrary.org/repositories/2/resources/62
63,/repositories/2/resources/63,https://cslarchives.ctstatelibrary.org/repositories/2/resources/63
64,/repositories/2/resources/64,https://cslarchives.ctstatelibrary.org/repositories/2/resources/64
65,/repositories/2/resources/65,https://cslarchives.ctstatelibrary.org/repositories/2/resources/65
66,/repositories/2/resources/66,https://cslarchives.ctstatelibrary.org/repositories/2/resources/66
67,/repositories/2/resources/67,https://cslarchives.ctstatelibrary.org/repositories/2/resources/67
68,/repositories/2/resources/68,https://cslarchives.ctstatelibrary.org/repositories/2/resources/68
69,/repositories/2/resources/69,https://cslarchives.ctstatelibrary.org/repositories/2/resources/69
70,/repositories/2/resources/70,https://cslarchives.ctstatelibrary.org/repositories/2/resources/70
71,/repositories/2/resources/71,https://cslarchives.ctstatelibrary.org/repositories/2/resources/71
72,/repositories/2/resources/72,https://cslarchives.ctstatelibrary.org/repositories/2/resources/72
73,/repositories/2/resources/73,https://cslarchives.ctstatelibrary.org/repositories/2/resources/73
74,/repositories/2/resources/74,https://cslarchives.ctstatelibrary.org/repositories/2/resources/74
75,/repositories/2/resources/75,https://cslarchives.ctstatelibrary.org/repositories/2/resources/75
76,/repositories/2/resources/76,https://cslarchives.ctstatelibrary.org/repositories/2/resources/76
77,/repositories/2/resources/77,https://cslarchives.ctstatelibrary.org/repositories/2/resources/77
78,/repositories/2/resources/78,https://cslarchives.ctstatelibrary.org/repositories/2/resources/78
79,/repositories/2/resources/79,https://cslarchives.ctstatelibrary.org/repositories/2/resources/79
80,/repositories/2/resources/80,https://cslarchives.ctstatelibrary.org/repositories/2/resources/80
81,/repositories/2/resources/81,https://cslarchives.ctstatelibrary.org/repositories/2/resources/81
82,/repositories/2/resources/82,https://cslarchives.ctstatelibrary.org/repositories/2/resources/82
83,/repositories/2/resources/83,https://cslarchives.ctstatelibrary.org/repositories/2/resources/83
84,/repositories/2/resources/84,https://cslarchives.ctstatelibrary.org/repositories/2/resources/84
85,/repositories/2/resources/85,https://cslarchives.ctstatelibrary.org/repositories/2/resources/85
86,/repositories/2/resources/86,https://cslarchives.ctstatelibrary.org/repositories/2/resources/86
87,/repositories/2/resources/87,https://cslarchives.ctstatelibrary.org/repositories/2/resources/87
88,/repositories/2/resources/88,https://cslarchives.ctstatelibrary.org/repositories/2/resources/88
89,/repositories/2/resources/89,https://cslarchives.ctstatelibrary.org/repositories/2/resources/89
90,/repositories/2/resources/90,https://cslarchives.ctstatelibrary.org/repositories/2/resources/90
91,/repositories/2/resources/91,https://cslarchives.ctstatelibrary.org/repositories/2/resources/91
92,/repositories/2/resources/92,https://cslarchives.ctstatelibrary.org/repositories/2/resources/92
93,/repositories/2/resources/93,https://cslarchives.ctstatelibrary.org/repositories/2/resources/93
94,/repositories/2/resources/94,https://cslarchives.ctstatelibrary.org/repositories/2/resources/94
95,/repositories/2/resources/95,https://cslarchives.ctstatelibrary.org/repositories/2/resources/95
96,/repositories/2/resources/96,https://cslarchives.ctstatelibrary.org/repositories/2/resources/96
97,/repositories/2/resources/97,https://cslarchives.ctstatelibrary.org/repositories/2/resources/97
98,/repositories/2/resources/98,https://cslarchives.ctstatelibrary.org/repositories/2/resources/98
99,/repositories/2/resources/99,https://cslarchives.ctstatelibrary.org/repositories/2/resources/99
100,/repositories/2/resources/100,https://cslarchives.ctstatelibrary.org/repositories/2/resources/100
101,/repositories/2/resources/101,https://cslarchives.ctstatelibrary.org/repositories/2/resources/101
102,/repositories/2/resources/102,https://cslarchives.ctstatelibrary.org/repositories/2/resources/102
103,/repositories/2/resources/103,https://cslarchives.ctstatelibrary.org/repositories/2/resources/103
104,/repositories/2/resources/104,https://cslarchives.ctstatelibrary.org/repositories/2/resources/104
105,/repositories/2/resources/105,https://cslarchives.ctstatelibrary.org/repositories/2/resources/105
106,/repositories/2/resources/106,https://cslarchives.ctstatelibrary.org/repositories/2/resources/106
107,/repositories/2/resources/107,https://cslarchives.ctstatelibrary.org/repositories/2/resources/107
108,/repositories/2/resources/108,https://cslarchives.ctstatelibrary.org/repositories/2/resources/108
109,/repositories/2/resources/109,https://cslarchives.ctstatelibrary.org/repositories/2/resources/109
110,/repositories/2/resources/110,https://cslarchives.ctstatelibrary.org/repositories/2/resources/110
117,/repositories/2/resources/117,https://cslarchives.ctstatelibrary.org/repositories/2/resources/117
118,/repositories/2/resources/118,https://cslarchives.ctstatelibrary.org/repositories/2/resources/118
119,/repositories/2/resources/119,https://cslarchives.ctstatelibrary.org/repositories/2/resources/119
120,/repositories/2/resources/120,https://cslarchives.ctstatelibrary.org/repositories/2/resources/120
121,/repositories/2/resources/121,https://cslarchives.ctstatelibrary.org/repositories/2/resources/121
122,/repositories/2/resources/122,https://cslarchives.ctstatelibrary.org/repositories/2/resources/122
123,/repositories/2/resources/123,https://cslarchives.ctstatelibrary.org/repositories/2/resources/123
124,/repositories/2/resources/124,https://cslarchives.ctstatelibrary.org/repositories/2/resources/124
125,/repositories/2/resources/125,https://cslarchives.ctstatelibrary.org/repositories/2/resources/125
126,/repositories/2/resources/126,https://cslarchives.ctstatelibrary.org/repositories/2/resources/126
127,/repositories/2/resources/127,https://cslarchives.ctstatelibrary.org/repositories/2/resources/127
128,/repositories/2/resources/128,https://cslarchives.ctstatelibrary.org/repositories/2/resources/128
129,/repositories/2/resources/129,https://cslarchives.ctstatelibrary.org/repositories/2/resources/129
130,/repositories/2/resources/130,https://cslarchives.ctstatelibrary.org/repositories/2/resources/130
131,/repositories/2/resources/131,https://cslarchives.ctstatelibrary.org/repositories/2/resources/131
132,/repositories/2/resources/132,https://cslarchives.ctstatelibrary.org/repositories/2/resources/132
133,/repositories/2/resources/133,https://cslarchives.ctstatelibrary.org/repositories/2/resources/133
134,/repositories/2/resources/134,https://cslarchives.ctstatelibrary.org/repositories/2/resources/134
135,/repositories/2/resources/135,https://cslarchives.ctstatelibrary.org/repositories/2/resources/135
136,/repositories/2/resources/136,https://cslarchives.ctstatelibrary.org/repositories/2/resources/136
137,/repositories/2/resources/137,https://cslarchives.ctstatelibrary.org/repositories/2/resources/137
138,/repositories/2/resources/138,https://cslarchives.ctstatelibrary.org/repositories/2/resources/138
139,/repositories/2/resources/139,https://cslarchives.ctstatelibrary.org/repositories/2/resources/139
140,/repositories/2/resources/140,https://cslarchives.ctstatelibrary.org/repositories/2/resources/140
141,/repositories/2/resources/141,https://cslarchives.ctstatelibrary.org/repositories/2/resources/141
142,/repositories/2/resources/142,https://cslarchives.ctstatelibrary.org/repositories/2/resources/142
143,/repositories/2/resources/143,https://cslarchives.ctstatelibrary.org/repositories/2/resources/143
144,/repositories/2/resources/144,https://cslarchives.ctstatelibrary.org/repositories/2/resources/144
145,/repositories/2/resources/145,https://cslarchives.ctstatelibrary.org/repositories/2/resources/145
146,/repositories/2/resources/146,https://cslarchives.ctstatelibrary.org/repositories/2/resources/146
147,/repositories/2/resources/147,https://cslarchives.ctstatelibrary.org/repositories/2/resources/147
148,/repositories/2/resources/148,https://cslarchives.ctstatelibrary.org/repositories/2/resources/148
149,/repositories/2/resources/149,https://cslarchives.ctstatelibrary.org/repositories/2/resources/149
150,/repositories/2/resources/150,https://cslarchives.ctstatelibrary.org/repositories/2/resources/150
151,/repositories/2/resources/151,https://cslarchives.ctstatelibrary.org/repositories/2/resources/151
152,/repositories/2/resources/152,https://cslarchives.ctstatelibrary.org/repositories/2/resources/152
153,/repositories/2/resources/153,https://cslarchives.ctstatelibrary.org/repositories/2/resources/153
154,/repositories/2/resources/154,https://cslarchives.ctstatelibrary.org/repositories/2/resources/154
155,/repositories/2/resources/155,https://cslarchives.ctstatelibrary.org/repositories/2/resources/155
156,/repositories/2/resources/156,https://cslarchives.ctstatelibrary.org/repositories/2/resources/156
157,/repositories/2/resources/157,https://cslarchives.ctstatelibrary.org/repositories/2/resources/157
158,/repositories/2/resources/158,https://cslarchives.ctstatelibrary.org/repositories/2/resources/158
159,/repositories/2/resources/159,https://cslarchives.ctstatelibrary.org/repositories/2/resources/159
160,/repositories/2/resources/160,https://cslarchives.ctstatelibrary.org/repositories/2/resources/160
161,/repositories/2/resources/161,https://cslarchives.ctstatelibrary.org/repositories/2/resources/161
162,/repositories/2/resources/162,https://cslarchives.ctstatelibrary.org/repositories/2/resources/162
163,/repositories/2/resources/163,https://cslarchives.ctstatelibrary.org/repositories/2/resources/163
164,/repositories/2/resources/164,https://cslarchives.ctstatelibrary.org/repositories/2/resources/164
165,/repositories/2/resources/165,https://cslarchives.ctstatelibrary.org/repositories/2/resources/165
166,/repositories/2/resources/166,https://cslarchives.ctstatelibrary.org/repositories/2/resources/166
167,/repositories/2/resources/167,https://cslarchives.ctstatelibrary.org/repositories/2/resources/167
168,/repositories/2/resources/168,https://cslarchives.ctstatelibrary.org/repositories/2/resources/168
169,/repositories/2/resources/169,https://cslarchives.ctstatelibrary.org/repositories/2/resources/169
170,/repositories/2/resources/170,https://cslarchives.ctstatelibrary.org/repositories/2/resources/170
171,/repositories/2/resources/171,https://cslarchives.ctstatelibrary.org/repositories/2/resources/171
172,/repositories/2/resources/172,https://cslarchives.ctstatelibrary.org/repositories/2/resources/172
173,/repositories/2/resources/173,https://cslarchives.ctstatelibrary.org/repositories/2/resources/173
174,/repositories/2/resources/174,https://cslarchives.ctstatelibrary.org/repositories/2/resources/174
175,/repositories/2/resources/175,https://cslarchives.ctstatelibrary.org/repositories/2/resources/175
176,/repositories/2/resources/176,https://cslarchives.ctstatelibrary.org/repositories/2/resources/176
177,/repositories/2/resources/177,https://cslarchives.ctstatelibrary.org/repositories/2/resources/177
178,/repositories/2/resources/178,https://cslarchives.ctstatelibrary.org/repositories/2/resources/178
179,/repositories/2/resources/179,https://cslarchives.ctstatelibrary.org/repositories/2/resources/179
180,/repositories/2/resources/180,https://cslarchives.ctstatelibrary.org/repositories/2/resources/180
181,/repositories/2/resources/181,https://cslarchives.ctstatelibrary.org/repositories/2/resources/181
182,/repositories/2/resources/182,https://cslarchives.ctstatelibrary.org/repositories/2/resources/182
183,/repositories/2/resources/183,https://cslarchives.ctstatelibrary.org/repositories/2/resources/183
184,/repositories/2/resources/184,https://cslarchives.ctstatelibrary.org/repositories/2/resources/184
185,/repositories/2/resources/185,https://cslarchives.ctstatelibrary.org/repositories/2/resources/185
186,/repositories/2/resources/186,https://cslarchives.ctstatelibrary.org/repositories/2/resources/186
187,/repositories/2/resources/187,https://cslarchives.ctstatelibrary.org/repositories/2/resources/187
188,/repositories/2/resources/188,https://cslarchives.ctstatelibrary.org/repositories/2/resources/188
189,/repositories/2/resources/189,https://cslarchives.ctstatelibrary.org/repositories/2/resources/189
190,/repositories/2/resources/190,https://cslarchives.ctstatelibrary.org/repositories/2/resources/190
191,/repositories/2/resources/191,https://cslarchives.ctstatelibrary.org/repositories/2/resources/191
192,/repositories/2/resources/192,https://cslarchives.ctstatelibrary.org/repositories/2/resources/192
193,/repositories/2/resources/193,https://cslarchives.ctstatelibrary.org/repositories/2/resources/193
194,/repositories/2/resources/194,https://cslarchives.ctstatelibrary.org/repositories/2/resources/194
195,/repositories/2/resources/195,https://cslarchives.ctstatelibrary.org/repositories/2/resources/195
196,/repositories/2/resources/196,https://cslarchives.ctstatelibrary.org/repositories/2/resources/196
197,/repositories/2/resources/197,https://cslarchives.ctstatelibrary.org/repositories/2/resources/197
198,/repositories/2/resources/198,https://cslarchives.ctstatelibrary.org/repositories/2/resources/198
199,/repositories/2/resources/199,https://cslarchives.ctstatelibrary.org/repositories/2/resources/199
200,/repositories/2/resources/200,https://cslarchives.ctstatelibrary.org/repositories/2/resources/200
201,/repositories/2/resources/201,https://cslarchives.ctstatelibrary.org/repositories/2/resources/201
202,/repositories/2/resources/202,https://cslarchives.ctstatelibrary.org/repositories/2/resources/202
203,/repositories/2/resources/203,https://cslarchives.ctstatelibrary.org/repositories/2/resources/203
204,/repositories/2/resources/204,https://cslarchives.ctstatelibrary.org/repositories/2/resources/204
205,/repositories/2/resources/205,https://cslarchives.ctstatelibrary.org/repositories/2/resources/205
206,/repositories/2/resources/206,https://cslarchives.ctstatelibrary.org/repositories/2/resources/206
207,/repositories/2/resources/207,https://cslarchives.ctstatelibrary.org/repositories/2/resources/207
208,/repositories/2/resources/208,https://cslarchives.ctstatelibrary.org/repositories/2/resources/208
209,/repositories/2/resources/209,https://cslarchives.ctstatelibrary.org/repositories/2/resources/209
210,/repositories/2/resources/210,https://cslarchives.ctstatelibrary.org/repositories/2/resources/210
211,/repositories/2/resources/211,https://cslarchives.ctstatelibrary.org/repositories/2/resources/211
212,/repositories/2/resources/212,https://cslarchives.ctstatelibrary.org/repositories/2/resources/212
213,/repositories/2/resources/213,https://cslarchives.ctstatelibrary.org/repositories/2/resources/213
214,/repositories/2/resources/214,https://cslarchives.ctstatelibrary.org/repositories/2/resources/214
215,/repositories/2/resources/215,https://cslarchives.ctstatelibrary.org/repositories/2/resources/215
216,/repositories/2/resources/216,https://cslarchives.ctstatelibrary.org/repositories/2/resources/216
217,/repositories/2/resources/217,https://cslarchives.ctstatelibrary.org/repositories/2/resources/217
218,/repositories/2/resources/218,https://cslarchives.ctstatelibrary.org/repositories/2/resources/218
219,/repositories/2/resources/219,https://cslarchives.ctstatelibrary.org/repositories/2/resources/219
220,/repositories/2/resources/220,https://cslarchives.ctstatelibrary.org/repositories/2/resources/220
221,/repositories/2/resources/221,https://cslarchives.ctstatelibrary.org/repositories/2/resources/221
222,/repositories/2/resources/222,https://cslarchives.ctstatelibrary.org/repositories/2/resources/222
223,/repositories/2/resources/223,https://cslarchives.ctstatelibrary.org/repositories/2/resources/223
224,/repositories/2/resources/224,https://cslarchives.ctstatelibrary.org/repositories/2/resources/224
225,/repositories/2/resources/225,https://cslarchives.ctstatelibrary.org/repositories/2/resources/225
226,/repositories/2/resources/226,https://cslarchives.ctstatelibrary.org/repositories/2/resources/226
227,/repositories/2/resources/227,https://cslarchives.ctstatelibrary.org/repositories/2/resources/227
228,/repositories/2/resources/228,https://cslarchives.ctstatelibrary.org/repositories/2/resources/228
229,/repositories/2/resources/229,https://cslarchives.ctstatelibrary.org/repositories/2/resources/229
230,/repositories/2/resources/230,https://cslarchives.ctstatelibrary.org/repositories/2/resources/230
231,/repositories/2/resources/231,https://cslarchives.ctstatelibrary.org/repositories/2/resources/231
232,/repositories/2/resources/232,https://cslarchives.ctstatelibrary.org/repositories/2/resources/232
233,/repositories/2/resources/233,https://cslarchives.ctstatelibrary.org/repositories/2/resources/233
234,/repositories/2/resources/234,https://cslarchives.ctstatelibrary.org/repositories/2/resources/234
235,/repositories/2/resources/235,https://cslarchives.ctstatelibrary.org/repositories/2/resources/235
236,/repositories/2/resources/236,https://cslarchives.ctstatelibrary.org/repositories/2/resources/236
237,/repositories/2/resources/237,https://cslarchives.ctstatelibrary.org/repositories/2/resources/237
238,/repositories/2/resources/238,https://cslarchives.ctstatelibrary.org/repositories/2/resources/238
239,/repositories/2/resources/239,https://cslarchives.ctstatelibrary.org/repositories/2/resources/239
240,/repositories/2/resources/240,https://cslarchives.ctstatelibrary.org/repositories/2/resources/240
241,/repositories/2/resources/241,https://cslarchives.ctstatelibrary.org/repositories/2/resources/241
242,/repositories/2/resources/242,https://cslarchives.ctstatelibrary.org/repositories/2/resources/242
243,/repositories/2/resources/243,https://cslarchives.ctstatelibrary.org/repositories/2/resources/243
244,/repositories/2/resources/244,https://cslarchives.ctstatelibrary.org/repositories/2/resources/244
245,/repositories/2/resources/245,https://cslarchives.ctstatelibrary.org/repositories/2/resources/245
246,/repositories/2/resources/246,https://cslarchives.ctstatelibrary.org/repositories/2/resources/246
247,/repositories/2/resources/247,https://cslarchives.ctstatelibrary.org/repositories/2/resources/247
248,/repositories/2/resources/248,https://cslarchives.ctstatelibrary.org/repositories/2/resources/248
249,/repositories/2/resources/249,https://cslarchives.ctstatelibrary.org/repositories/2/resources/249
250,/repositories/2/resources/250,https://cslarchives.ctstatelibrary.org/repositories/2/resources/250
251,/repositories/2/resources/251,https://cslarchives.ctstatelibrary.org/repositories/2/resources/251
252,/repositories/2/resources/252,https://cslarchives.ctstatelibrary.org/repositories/2/resources/252
253,/repositories/2/resources/253,https://cslarchives.ctstatelibrary.org/repositories/2/resources/253
254,/repositories/2/resources/254,https://cslarchives.ctstatelibrary.org/repositories/2/resources/254
255,/repositories/2/resources/255,https://cslarchives.ctstatelibrary.org/repositories/2/resources/255
256,/repositories/2/resources/256,https://cslarchives.ctstatelibrary.org/repositories/2/resources/256
257,/repositories/2/resources/257,https://cslarchives.ctstatelibrary.org/repositories/2/resources/257
258,/repositories/2/resources/258,https://cslarchives.ctstatelibrary.org/repositories/2/resources/258
259,/repositories/2/resources/259,https://cslarchives.ctstatelibrary.org/repositories/2/resources/259
269,/repositories/2/resources/269,https://cslarchives.ctstatelibrary.org/repositories/2/resources/269
270,/repositories/2/resources/270,https://cslarchives.ctstatelibrary.org/repositories/2/resources/270
271,/repositories/2/resources/271,https://cslarchives.ctstatelibrary.org/repositories/2/resources/271
272,/repositories/2/resources/272,https://cslarchives.ctstatelibrary.org/repositories/2/resources/272
273,/repositories/2/resources/273,https://cslarchives.ctstatelibrary.org/repositories/2/resources/273
274,/repositories/2/resources/274,https://cslarchives.ctstatelibrary.org/repositories/2/resources/274
275,/repositories/2/resources/275,https://cslarchives.ctstatelibrary.org/repositories/2/resources/275
276,/repositories/2/resources/276,https://cslarchives.ctstatelibrary.org/repositories/2/resources/276
277,/repositories/2/resources/277,https://cslarchives.ctstatelibrary.org/repositories/2/resources/277
278,/repositories/2/resources/278,https://cslarchives.ctstatelibrary.org/repositories/2/resources/278
279,/repositories/2/resources/279,https://cslarchives.ctstatelibrary.org/repositories/2/resources/279
280,/repositories/2/resources/280,https://cslarchives.ctstatelibrary.org/repositories/2/resources/280
281,/repositories/2/resources/281,https://cslarchives.ctstatelibrary.org/repositories/2/resources/281
282,/repositories/2/resources/282,https://cslarchives.ctstatelibrary.org/repositories/2/resources/282
283,/repositories/2/resources/283,https://cslarchives.ctstatelibrary.org/repositories/2/resources/283
284,/repositories/2/resources/284,https://cslarchives.ctstatelibrary.org/repositories/2/resources/284
285,/repositories/2/resources/285,https://cslarchives.ctstatelibrary.org/repositories/2/resources/285
286,/repositories/2/resources/286,https://cslarchives.ctstatelibrary.org/repositories/2/resources/286
287,/repositories/2/resources/287,https://cslarchives.ctstatelibrary.org/repositories/2/resources/287
288,/repositories/2/resources/288,https://cslarchives.ctstatelibrary.org/repositories/2/resources/288
289,/repositories/2/resources/289,https://cslarchives.ctstatelibrary.org/repositories/2/resources/289
290,/repositories/2/resources/290,https://cslarchives.ctstatelibrary.org/repositories/2/resources/290
291,/repositories/2/resources/291,https://cslarchives.ctstatelibrary.org/repositories/2/resources/291
292,/repositories/2/resources/292,https://cslarchives.ctstatelibrary.org/repositories/2/resources/292
293,/repositories/2/resources/293,https://cslarchives.ctstatelibrary.org/repositories/2/resources/293
294,/repositories/2/resources/294,https://cslarchives.ctstatelibrary.org/repositories/2/resources/294
295,/repositories/2/resources/295,https://cslarchives.ctstatelibrary.org/repositories/2/resources/295
296,/repositories/2/resources/296,https://cslarchives.ctstatelibrary.org/repositories/2/resources/296
297,/repositories/2/resources/297,https://cslarchives.ctstatelibrary.org/repositories/2/resources/297
298,/repositories/2/resources/298,https://cslarchives.ctstatelibrary.org/repositories/2/resources/298
299,/repositories/2/resources/299,https://cslarchives.ctstatelibrary.org/repositories/2/resources/299
300,/repositories/2/resources/300,https://cslarchives.ctstatelibrary.org/repositories/2/resources/300
301,/repositories/2/resources/301,https://cslarchives.ctstatelibrary.org/repositories/2/resources/301
302,/repositories/2/resources/302,https://cslarchives.ctstatelibrary.org/repositories/2/resources/302
303,/repositories/2/resources/303,https://cslarchives.ctstatelibrary.org/repositories/2/resources/303
304,/repositories/2/resources/304,https://cslarchives.ctstatelibrary.org/repositories/2/resources/304
305,/repositories/2/resources/305,https://cslarchives.ctstatelibrary.org/repositories/2/resources/305
306,/repositories/2/resources/306,https://cslarchives.ctstatelibrary.org/repositories/2/resources/306
307,/repositories/2/resources/307,https://cslarchives.ctstatelibrary.org/repositories/2/resources/307
308,/repositories/2/resources/308,https://cslarchives.ctstatelibrary.org/repositories/2/resources/308
309,/repositories/2/resources/309,https://cslarchives.ctstatelibrary.org/repositories/2/resources/309
310,/repositories/2/resources/310,https://cslarchives.ctstatelibrary.org/repositories/2/resources/310
312,/repositories/2/resources/312,https://cslarchives.ctstatelibrary.org/repositories/2/resources/312
313,/repositories/2/resources/313,https://cslarchives.ctstatelibrary.org/repositories/2/resources/313
314,/repositories/2/resources/314,https://cslarchives.ctstatelibrary.org/repositories/2/resources/314
315,/repositories/2/resources/315,https://cslarchives.ctstatelibrary.org/repositories/2/resources/315
316,/repositories/2/resources/316,https://cslarchives.ctstatelibrary.org/repositories/2/resources/316
317,/repositories/2/resources/317,https://cslarchives.ctstatelibrary.org/repositories/2/resources/317
318,/repositories/2/resources/318,https://cslarchives.ctstatelibrary.org/repositories/2/resources/318
319,/repositories/2/resources/319,https://cslarchives.ctstatelibrary.org/repositories/2/resources/319
320,/repositories/2/resources/320,https://cslarchives.ctstatelibrary.org/repositories/2/resources/320
321,/repositories/2/resources/321,https://cslarchives.ctstatelibrary.org/repositories/2/resources/321
322,/repositories/2/resources/322,https://cslarchives.ctstatelibrary.org/repositories/2/resources/322
323,/repositories/2/resources/323,https://cslarchives.ctstatelibrary.org/repositories/2/resources/323
324,/repositories/2/resources/324,https://cslarchives.ctstatelibrary.org/repositories/2/resources/324
325,/repositories/2/resources/325,https://cslarchives.ctstatelibrary.org/repositories/2/resources/325
326,/repositories/2/resources/326,https://cslarchives.ctstatelibrary.org/repositories/2/resources/326
327,/repositories/2/resources/327,https://cslarchives.ctstatelibrary.org/repositories/2/resources/327
335,/repositories/2/resources/335,https://cslarchives.ctstatelibrary.org/repositories/2/resources/335
336,/repositories/2/resources/336,https://cslarchives.ctstatelibrary.org/repositories/2/resources/336
337,/repositories/2/resources/337,https://cslarchives.ctstatelibrary.org/repositories/2/resources/337
338,/repositories/2/resources/338,https://cslarchives.ctstatelibrary.org/repositories/2/resources/338
339,/repositories/2/resources/339,https://cslarchives.ctstatelibrary.org/repositories/2/resources/339
340,/repositories/2/resources/340,https://cslarchives.ctstatelibrary.org/repositories/2/resources/340
341,/repositories/2/resources/341,https://cslarchives.ctstatelibrary.org/repositories/2/resources/341
342,/repositories/2/resources/342,https://cslarchives.ctstatelibrary.org/repositories/2/resources/342
343,/repositories/2/resources/343,https://cslarchives.ctstatelibrary.org/repositories/2/resources/343
344,/repositories/2/resources/344,https://cslarchives.ctstatelibrary.org/repositories/2/resources/344
345,/repositories/2/resources/345,https://cslarchives.ctstatelibrary.org/repositories/2/resources/345
346,/repositories/2/resources/346,https://cslarchives.ctstatelibrary.org/repositories/2/resources/346
347,/repositories/2/resources/347,https://cslarchives.ctstatelibrary.org/repositories/2/resources/347
348,/repositories/2/resources/348,https://cslarchives.ctstatelibrary.org/repositories/2/resources/348
349,/repositories/2/resources/349,https://cslarchives.ctstatelibrary.org/repositories/2/resources/349
350,/repositories/2/resources/350,https://cslarchives.ctstatelibrary.org/repositories/2/resources/350
351,/repositories/2/resources/351,https://cslarchives.ctstatelibrary.org/repositories/2/resources/351
352,/repositories/2/resources/352,https://cslarchives.ctstatelibrary.org/repositories/2/resources/352
353,/repositories/2/resources/353,https://cslarchives.ctstatelibrary.org/repositories/2/resources/353
354,/repositories/2/resources/354,https://cslarchives.ctstatelibrary.org/repositories/2/resources/354
355,/repositories/2/resources/355,https://cslarchives.ctstatelibrary.org/repositories/2/resources/355
356,/repositories/2/resources/356,https://cslarchives.ctstatelibrary.org/repositories/2/resources/356
357,/repositories/2/resources/357,https://cslarchives.ctstatelibrary.org/repositories/2/resources/357
358,/repositories/2/resources/358,https://cslarchives.ctstatelibrary.org/repositories/2/resources/358
359,/repositories/2/resources/359,https://cslarchives.ctstatelibrary.org/repositories/2/resources/359
360,/repositories/2/resources/360,https://cslarchives.ctstatelibrary.org/repositories/2/resources/360
361,/repositories/2/resources/361,https://cslarchives.ctstatelibrary.org/repositories/2/resources/361
362,/repositories/2/resources/362,https://cslarchives.ctstatelibrary.org/repositories/2/resources/362
363,/repositories/2/resources/363,https://cslarchives.ctstatelibrary.org/repositories/2/resources/363
364,/repositories/2/resources/364,https://cslarchives.ctstatelibrary.org/repositories/2/resources/364
365,/repositories/2/resources/365,https://cslarchives.ctstatelibrary.org/repositories/2/resources/365
366,/repositories/2/resources/366,https://cslarchives.ctstatelibrary.org/repositories/2/resources/366
367,/repositories/2/resources/367,https://cslarchives.ctstatelibrary.org/repositories/2/resources/367
368,/repositories/2/resources/368,https://cslarchives.ctstatelibrary.org/repositories/2/resources/368
369,/repositories/2/resources/369,https://cslarchives.ctstatelibrary.org/repositories/2/resources/369
370,/repositories/2/resources/370,https://cslarchives.ctstatelibrary.org/repositories/2/resources/370
375,/repositories/2/resources/375,https://cslarchives.ctstatelibrary.org/repositories/2/resources/375
376,/repositories/2/resources/376,https://cslarchives.ctstatelibrary.org/repositories/2/resources/376
377,/repositories/2/resources/377,https://cslarchives.ctstatelibrary.org/repositories/2/resources/377
378,/repositories/2/resources/378,https://cslarchives.ctstatelibrary.org/repositories/2/resources/378
379,/repositories/2/resources/379,https://cslarchives.ctstatelibrary.org/repositories/2/resources/379
380,/repositories/2/resources/380,https://cslarchives.ctstatelibrary.org/repositories/2/resources/380
381,/repositories/2/resources/381,https://cslarchives.ctstatelibrary.org/repositories/2/resources/381
382,/repositories/2/resources/382,https://cslarchives.ctstatelibrary.org/repositories/2/resources/382
383,/repositories/2/resources/383,https://cslarchives.ctstatelibrary.org/repositories/2/resources/383
384,/repositories/2/resources/384,https://cslarchives.ctstatelibrary.org/repositories/2/resources/384
385,/repositories/2/resources/385,https://cslarchives.ctstatelibrary.org/repositories/2/resources/385
386,/repositories/2/resources/386,https://cslarchives.ctstatelibrary.org/repositories/2/resources/386
387,/repositories/2/resources/387,https://cslarchives.ctstatelibrary.org/repositories/2/resources/387
388,/repositories/2/resources/388,https://cslarchives.ctstatelibrary.org/repositories/2/resources/388
389,/repositories/2/resources/389,https://cslarchives.ctstatelibrary.org/repositories/2/resources/389
390,/repositories/2/resources/390,https://cslarchives.ctstatelibrary.org/repositories/2/resources/390
391,/repositories/2/resources/391,https://cslarchives.ctstatelibrary.org/repositories/2/resources/391
392,/repositories/2/resources/392,https://cslarchives.ctstatelibrary.org/repositories/2/resources/392
404,/repositories/2/resources/404,https://cslarchives.ctstatelibrary.org/repositories/2/resources/404
405,/repositories/2/resources/405,https://cslarchives.ctstatelibrary.org/repositories/2/resources/405
406,/repositories/2/resources/406,https://cslarchives.ctstatelibrary.org/repositories/2/resources/406
407,/repositories/2/resources/407,https://cslarchives.ctstatelibrary.org/repositories/2/resources/407
408,/repositories/2/resources/408,https://cslarchives.ctstatelibrary.org/repositories/2/resources/408
409,/repositories/2/resources/409,https://cslarchives.ctstatelibrary.org/repositories/2/resources/409
410,/repositories/2/resources/410,https://cslarchives.ctstatelibrary.org/repositories/2/resources/410
411,/repositories/2/resources/411,https://cslarchives.ctstatelibrary.org/repositories/2/resources/411
412,/repositories/2/resources/412,https://cslarchives.ctstatelibrary.org/repositories/2/resources/412
413,/repositories/2/resources/413,https://cslarchives.ctstatelibrary.org/repositories/2/resources/413
414,/repositories/2/resources/414,https://cslarchives.ctstatelibrary.org/repositories/2/resources/414
415,/repositories/2/resources/415,https://cslarchives.ctstatelibrary.org/repositories/2/resources/415
422,/repositories/2/resources/422,https://cslarchives.ctstatelibrary.org/repositories/2/resources/422
423,/repositories/2/resources/423,https://cslarchives.ctstatelibrary.org/repositories/2/resources/423
424,/repositories/2/resources/424,https://cslarchives.ctstatelibrary.org/repositories/2/resources/424
425,/repositories/2/resources/425,https://cslarchives.ctstatelibrary.org/repositories/2/resources/425
426,/repositories/2/resources/426,https://cslarchives.ctstatelibrary.org/repositories/2/resources/426
427,/repositories/2/resources/427,https://cslarchives.ctstatelibrary.org/repositories/2/resources/427
428,/repositories/2/resources/428,https://cslarchives.ctstatelibrary.org/repositories/2/resources/428
429,/repositories/2/resources/429,https://cslarchives.ctstatelibrary.org/repositories/2/resources/429
430,/repositories/2/resources/430,https://cslarchives.ctstatelibrary.org/repositories/2/resources/430
431,/repositories/2/resources/431,https://cslarchives.ctstatelibrary.org/repositories/2/resources/431
432,/repositories/2/resources/432,https://cslarchives.ctstatelibrary.org/repositories/2/resources/432
433,/repositories/2/resources/433,https://cslarchives.ctstatelibrary.org/repositories/2/resources/433
434,/repositories/2/resources/434,https://cslarchives.ctstatelibrary.org/repositories/2/resources/434
435,/repositories/2/resources/435,https://cslarchives.ctstatelibrary.org/repositories/2/resources/435
436,/repositories/2/resources/436,https://cslarchives.ctstatelibrary.org/repositories/2/resources/436
437,/repositories/2/resources/437,https://cslarchives.ctstatelibrary.org/repositories/2/resources/437
438,/repositories/2/resources/438,https://cslarchives.ctstatelibrary.org/repositories/2/resources/438
439,/repositories/2/resources/439,https://cslarchives.ctstatelibrary.org/repositories/2/resources/439
440,/repositories/2/resources/440,https://cslarchives.ctstatelibrary.org/repositories/2/resources/440
441,/repositories/2/resources/441,https://cslarchives.ctstatelibrary.org/repositories/2/resources/441
442,/repositories/2/resources/442,https://cslarchives.ctstatelibrary.org/repositories/2/resources/442
443,/repositories/2/resources/443,https://cslarchives.ctstatelibrary.org/repositories/2/resources/443
444,/repositories/2/resources/444,https://cslarchives.ctstatelibrary.org/repositories/2/resources/444
445,/repositories/2/resources/445,https://cslarchives.ctstatelibrary.org/repositories/2/resources/445
446,/repositories/2/resources/446,https://cslarchives.ctstatelibrary.org/repositories/2/resources/446
447,/repositories/2/resources/447,https://cslarchives.ctstatelibrary.org/repositories/2/resources/447
448,/repositories/2/resources/448,https://cslarchives.ctstatelibrary.org/repositories/2/resources/448
449,/repositories/2/resources/449,https://cslarchives.ctstatelibrary.org/repositories/2/resources/449
450,/repositories/2/resources/450,https://cslarchives.ctstatelibrary.org/repositories/2/resources/450
451,/repositories/2/resources/451,https://cslarchives.ctstatelibrary.org/repositories/2/resources/451
452,/repositories/2/resources/452,https://cslarchives.ctstatelibrary.org/repositories/2/resources/452
453,/repositories/2/resources/453,https://cslarchives.ctstatelibrary.org/repositories/2/resources/453
454,/repositories/2/resources/454,https://cslarchives.ctstatelibrary.org/repositories/2/resources/454
455,/repositories/2/resources/455,https://cslarchives.ctstatelibrary.org/repositories/2/resources/455
456,/repositories/2/resources/456,https://cslarchives.ctstatelibrary.org/repositories/2/resources/456
457,/repositories/2/resources/457,https://cslarchives.ctstatelibrary.org/repositories/2/resources/457
458,/repositories/2/resources/458,https://cslarchives.ctstatelibrary.org/repositories/2/resources/458
459,/repositories/2/resources/459,https://cslarchives.ctstatelibrary.org/repositories/2/resources/459
460,/repositories/2/resources/460,https://cslarchives.ctstatelibrary.org/repositories/2/resources/460
461,/repositories/2/resources/461,https://cslarchives.ctstatelibrary.org/repositories/2/resources/461
462,/repositories/2/resources/462,https://cslarchives.ctstatelibrary.org/repositories/2/resources/462
463,/repositories/2/resources/463,https://cslarchives.ctstatelibrary.org/repositories/2/resources/463
464,/repositories/2/resources/464,https://cslarchives.ctstatelibrary.org/repositories/2/resources/464
465,/repositories/2/resources/465,https://cslarchives.ctstatelibrary.org/repositories/2/resources/465
466,/repositories/2/resources/466,https://cslarchives.ctstatelibrary.org/repositories/2/resources/466
467,/repositories/2/resources/467,https://cslarchives.ctstatelibrary.org/repositories/2/resources/467
468,/repositories/2/resources/468,https://cslarchives.ctstatelibrary.org/repositories/2/resources/468
469,/repositories/2/resources/469,https://cslarchives.ctstatelibrary.org/repositories/2/resources/469
470,/repositories/2/resources/470,https://cslarchives.ctstatelibrary.org/repositories/2/resources/470
471,/repositories/2/resources/471,https://cslarchives.ctstatelibrary.org/repositories/2/resources/471
472,/repositories/2/resources/472,https://cslarchives.ctstatelibrary.org/repositories/2/resources/472
473,/repositories/2/resources/473,https://cslarchives.ctstatelibrary.org/repositories/2/resources/473
478,/repositories/2/resources/478,https://cslarchives.ctstatelibrary.org/repositories/2/resources/478
479,/repositories/2/resources/479,https://cslarchives.ctstatelibrary.org/repositories/2/resources/479
480,/repositories/2/resources/480,https://cslarchives.ctstatelibrary.org/repositories/2/resources/480
481,/repositories/2/resources/481,https://cslarchives.ctstatelibrary.org/repositories/2/resources/481
482,/repositories/2/resources/482,https://cslarchives.ctstatelibrary.org/repositories/2/resources/482
483,/repositories/2/resources/483,https://cslarchives.ctstatelibrary.org/repositories/2/resources/483
484,/repositories/2/resources/484,https://cslarchives.ctstatelibrary.org/repositories/2/resources/484
485,/repositories/2/resources/485,https://cslarchives.ctstatelibrary.org/repositories/2/resources/485
486,/repositories/2/resources/486,https://cslarchives.ctstatelibrary.org/repositories/2/resources/486
487,/repositories/2/resources/487,https://cslarchives.ctstatelibrary.org/repositories/2/resources/487
488,/repositories/2/resources/488,https://cslarchives.ctstatelibrary.org/repositories/2/resources/488
489,/repositories/2/resources/489,https://cslarchives.ctstatelibrary.org/repositories/2/resources/489
490,/repositories/2/resources/490,https://cslarchives.ctstatelibrary.org/repositories/2/resources/490
491,/repositories/2/resources/491,https://cslarchives.ctstatelibrary.org/repositories/2/resources/491
492,/repositories/2/resources/492,https://cslarchives.ctstatelibrary.org/repositories/2/resources/492
493,/repositories/2/resources/493,https://cslarchives.ctstatelibrary.org/repositories/2/resources/493
494,/repositories/2/resources/494,https://cslarchives.ctstatelibrary.org/repositories/2/resources/494
495,/repositories/2/resources/495,https://cslarchives.ctstatelibrary.org/repositories/2/resources/495
496,/repositories/2/resources/496,https://cslarchives.ctstatelibrary.org/repositories/2/resources/496
497,/repositories/2/resources/497,https://cslarchives.ctstatelibrary.org/repositories/2/resources/497
498,/repositories/2/resources/498,https://cslarchives.ctstatelibrary.org/repositories/2/resources/498
499,/repositories/2/resources/499,https://cslarchives.ctstatelibrary.org/repositories/2/resources/499
500,/repositories/2/resources/500,https://cslarchives.ctstatelibrary.org/repositories/2/resources/500
501,/repositories/2/resources/501,https://cslarchives.ctstatelibrary.org/repositories/2/resources/501
502,/repositories/2/resources/502,https://cslarchives.ctstatelibrary.org/repositories/2/resources/502
503,/repositories/2/resources/503,https://cslarchives.ctstatelibrary.org/repositories/2/resources/503
504,/repositories/2/resources/504,https://cslarchives.ctstatelibrary.org/repositories/2/resources/504
505,/repositories/2/resources/505,https://cslarchives.ctstatelibrary.org/repositories/2/resources/505
506,/repositories/2/resources/506,https://cslarchives.ctstatelibrary.org/repositories/2/resources/506
507,/repositories/2/resources/507,https://cslarchives.ctstatelibrary.org/repositories/2/resources/507
508,/repositories/2/resources/508,https://cslarchives.ctstatelibrary.org/repositories/2/resources/508
509,/repositories/2/resources/509,https://cslarchives.ctstatelibrary.org/repositories/2/resources/509
510,/repositories/2/resources/510,https://cslarchives.ctstatelibrary.org/repositories/2/resources/510
511,/repositories/2/resources/511,https://cslarchives.ctstatelibrary.org/repositories/2/resources/511
512,/repositories/2/resources/512,https://cslarchives.ctstatelibrary.org/repositories/2/resources/512
513,/repositories/2/resources/513,https://cslarchives.ctstatelibrary.org/repositories/2/resources/513
514,/repositories/2/resources/514,https://cslarchives.ctstatelibrary.org/repositories/2/resources/514
515,/repositories/2/resources/515,https://cslarchives.ctstatelibrary.org/repositories/2/resources/515
516,/repositories/2/resources/516,https://cslarchives.ctstatelibrary.org/repositories/2/resources/516
517,/repositories/2/resources/517,https://cslarchives.ctstatelibrary.org/repositories/2/resources/517
518,/repositories/2/resources/518,https://cslarchives.ctstatelibrary.org/repositories/2/resources/518
519,/repositories/2/resources/519,https://cslarchives.ctstatelibrary.org/repositories/2/resources/519
520,/repositories/2/resources/520,https://cslarchives.ctstatelibrary.org/repositories/2/resources/520
521,/repositories/2/resources/521,https://cslarchives.ctstatelibrary.org/repositories/2/resources/521
522,/repositories/2/resources/522,https://cslarchives.ctstatelibrary.org/repositories/2/resources/522
523,/repositories/2/resources/523,https://cslarchives.ctstatelibrary.org/repositories/2/resources/523
524,/repositories/2/resources/524,https://cslarchives.ctstatelibrary.org/repositories/2/resources/524
525,/repositories/2/resources/525,https://cslarchives.ctstatelibrary.org/repositories/2/resources/525
528,/repositories/2/resources/528,https://cslarchives.ctstatelibrary.org/repositories/2/resources/528
529,/repositories/2/resources/529,https://cslarchives.ctstatelibrary.org/repositories/2/resources/529
530,/repositories/2/resources/530,https://cslarchives.ctstatelibrary.org/repositories/2/resources/530
535,/repositories/2/resources/535,https://cslarchives.ctstatelibrary.org/repositories/2/resources/535
536,/repositories/2/resources/536,https://cslarchives.ctstatelibrary.org/repositories/2/resources/536
537,/repositories/2/resources/537,https://cslarchives.ctstatelibrary.org/repositories/2/resources/537
538,/repositories/2/resources/538,https://cslarchives.ctstatelibrary.org/repositories/2/resources/538
539,/repositories/2/resources/539,https://cslarchives.ctstatelibrary.org/repositories/2/resources/539
540,/repositories/2/resources/540,https://cslarchives.ctstatelibrary.org/repositories/2/resources/540
541,/repositories/2/resources/541,https://cslarchives.ctstatelibrary.org/repositories/2/resources/541
545,/repositories/2/resources/545,https://cslarchives.ctstatelibrary.org/repositories/2/resources/545
546,/repositories/2/resources/546,https://cslarchives.ctstatelibrary.org/repositories/2/resources/546
547,/repositories/2/resources/547,https://cslarchives.ctstatelibrary.org/repositories/2/resources/547
548,/repositories/2/resources/548,https://cslarchives.ctstatelibrary.org/repositories/2/resources/548
550,/repositories/2/resources/550,https://cslarchives.ctstatelibrary.org/repositories/2/resources/550
551,/repositories/2/resources/551,https://cslarchives.ctstatelibrary.org/repositories/2/resources/551
552,/repositories/2/resources/552,https://cslarchives.ctstatelibrary.org/repositories/2/resources/552
553,/repositories/2/resources/553,https://cslarchives.ctstatelibrary.org/repositories/2/resources/553
554,/repositories/2/resources/554,https://cslarchives.ctstatelibrary.org/repositories/2/resources/554
555,/repositories/2/resources/555,https://cslarchives.ctstatelibrary.org/repositories/2/resources/555
556,/repositories/2/resources/556,https://cslarchives.ctstatelibrary.org/repositories/2/resources/556
557,/repositories/2/resources/557,https://cslarchives.ctstatelibrary.org/repositories/2/resources/557
558,/repositories/2/resources/558,https://cslarchives.ctstatelibrary.org/repositories/2/resources/558
559,/repositories/2/resources/559,https://cslarchives.ctstatelibrary.org/repositories/2/resources/559
560,/repositories/2/resources/560,https://cslarchives.ctstatelibrary.org/repositories/2/resources/560
561,/repositories/2/resources/561,https://cslarchives.ctstatelibrary.org/repositories/2/resources/561
562,/repositories/2/resources/562,https://cslarchives.ctstatelibrary.org/repositories/2/resources/562
563,/repositories/2/resources/563,https://cslarchives.ctstatelibrary.org/repositories/2/resources/563
564,/repositories/2/resources/564,https://cslarchives.ctstatelibrary.org/repositories/2/resources/564
565,/repositories/2/resources/565,https://cslarchives.ctstatelibrary.org/repositories/2/resources/565
566,/repositories/2/resources/566,https://cslarchives.ctstatelibrary.org/repositories/2/resources/566
567,/repositories/2/resources/567,https://cslarchives.ctstatelibrary.org/repositories/2/resources/567
568,/repositories/2/resources/568,https://cslarchives.ctstatelibrary.org/repositories/2/resources/568
569,/repositories/2/resources/569,https://cslarchives.ctstatelibrary.org/repositories/2/resources/569
571,/repositories/2/resources/571,https://cslarchives.ctstatelibrary.org/repositories/2/resources/571
572,/repositories/2/resources/572,https://cslarchives.ctstatelibrary.org/repositories/2/resources/572
573,/repositories/2/resources/573,https://cslarchives.ctstatelibrary.org/repositories/2/resources/573
574,/repositories/2/resources/574,https://cslarchives.ctstatelibrary.org/repositories/2/resources/574
575,/repositories/2/resources/575,https://cslarchives.ctstatelibrary.org/repositories/2/resources/575
576,/repositories/2/resources/576,https://cslarchives.ctstatelibrary.org/repositories/2/resources/576
577,/repositories/2/resources/577,https://cslarchives.ctstatelibrary.org/repositories/2/resources/577
578,/repositories/2/resources/578,https://cslarchives.ctstatelibrary.org/repositories/2/resources/578
579,/repositories/2/resources/579,https://cslarchives.ctstatelibrary.org/repositories/2/resources/579
580,/repositories/2/resources/580,https://cslarchives.ctstatelibrary.org/repositories/2/resources/580
581,/repositories/2/resources/581,https://cslarchives.ctstatelibrary.org/repositories/2/resources/581
582,/repositories/2/resources/582,https://cslarchives.ctstatelibrary.org/repositories/2/resources/582
585,/repositories/2/resources/585,https://cslarchives.ctstatelibrary.org/repositories/2/resources/585
586,/repositories/2/resources/586,https://cslarchives.ctstatelibrary.org/repositories/2/resources/586
587,/repositories/2/resources/587,https://cslarchives.ctstatelibrary.org/repositories/2/resources/587
588,/repositories/2/resources/588,https://cslarchives.ctstatelibrary.org/repositories/2/resources/588
589,/repositories/2/resources/589,https://cslarchives.ctstatelibrary.org/repositories/2/resources/589
590,/repositories/2/resources/590,https://cslarchives.ctstatelibrary.org/repositories/2/resources/590
591,/repositories/2/resources/591,https://cslarchives.ctstatelibrary.org/repositories/2/resources/591
592,/repositories/2/resources/592,https://cslarchives.ctstatelibrary.org/repositories/2/resources/592
593,/repositories/2/resources/593,https://cslarchives.ctstatelibrary.org/repositories/2/resources/593
594,/repositories/2/resources/594,https://cslarchives.ctstatelibrary.org/repositories/2/resources/594
595,/repositories/2/resources/595,https://cslarchives.ctstatelibrary.org/repositories/2/resources/595
596,/repositories/2/resources/596,https://cslarchives.ctstatelibrary.org/repositories/2/resources/596
597,/repositories/2/resources/597,https://cslarchives.ctstatelibrary.org/repositories/2/resources/597
598,/repositories/2/resources/598,https://cslarchives.ctstatelibrary.org/repositories/2/resources/598
599,/repositories/2/resources/599,https://cslarchives.ctstatelibrary.org/repositories/2/resources/599
600,/repositories/2/resources/600,https://cslarchives.ctstatelibrary.org/repositories/2/resources/600
601,/repositories/2/resources/601,https://cslarchives.ctstatelibrary.org/repositories/2/resources/601
602,/repositories/2/resources/602,https://cslarchives.ctstatelibrary.org/repositories/2/resources/602
603,/repositories/2/resources/603,https://cslarchives.ctstatelibrary.org/repositories/2/resources/603
604,/repositories/2/resources/604,https://cslarchives.ctstatelibrary.org/repositories/2/resources/604
605,/repositories/2/resources/605,https://cslarchives.ctstatelibrary.org/repositories/2/resources/605
606,/repositories/2/resources/606,https://cslarchives.ctstatelibrary.org/repositories/2/resources/606
607,/repositories/2/resources/607,https://cslarchives.ctstatelibrary.org/repositories/2/resources/607
608,/repositories/2/resources/608,https://cslarchives.ctstatelibrary.org/repositories/2/resources/608
609,/repositories/2/resources/609,https://cslarchives.ctstatelibrary.org/repositories/2/resources/609
610,/repositories/2/resources/610,https://cslarchives.ctstatelibrary.org/repositories/2/resources/610
611,/repositories/2/resources/611,https://cslarchives.ctstatelibrary.org/repositories/2/resources/611
612,/repositories/2/resources/612,https://cslarchives.ctstatelibrary.org/repositories/2/resources/612
613,/repositories/2/resources/613,https://cslarchives.ctstatelibrary.org/repositories/2/resources/613
614,/repositories/2/resources/614,https://cslarchives.ctstatelibrary.org/repositories/2/resources/614
615,/repositories/2/resources/615,https://cslarchives.ctstatelibrary.org/repositories/2/resources/615
616,/repositories/2/resources/616,https://cslarchives.ctstatelibrary.org/repositories/2/resources/616
617,/repositories/2/resources/617,https://cslarchives.ctstatelibrary.org/repositories/2/resources/617
618,/repositories/2/resources/618,https://cslarchives.ctstatelibrary.org/repositories/2/resources/618
619,/repositories/2/resources/619,https://cslarchives.ctstatelibrary.org/repositories/2/resources/619
620,/repositories/2/resources/620,https://cslarchives.ctstatelibrary.org/repositories/2/resources/620
621,/repositories/2/resources/621,https://cslarchives.ctstatelibrary.org/repositories/2/resources/621
622,/repositories/2/resources/622,https://cslarchives.ctstatelibrary.org/repositories/2/resources/622
623,/repositories/2/resources/623,https://cslarchives.ctstatelibrary.org/repositories/2/resources/623
624,/repositories/2/resources/624,https://cslarchives.ctstatelibrary.org/repositories/2/resources/624
625,/repositories/2/resources/625,https://cslarchives.ctstatelibrary.org/repositories/2/resources/625
626,/repositories/2/resources/626,https://cslarchives.ctstatelibrary.org/repositories/2/resources/626
627,/repositories/2/resources/627,https://cslarchives.ctstatelibrary.org/repositories/2/resources/627
629,/repositories/2/resources/629,https://cslarchives.ctstatelibrary.org/repositories/2/resources/629
630,/repositories/2/resources/630,https://cslarchives.ctstatelibrary.org/repositories/2/resources/630
631,/repositories/2/resources/631,https://cslarchives.ctstatelibrary.org/repositories/2/resources/631
632,/repositories/2/resources/632,https://cslarchives.ctstatelibrary.org/repositories/2/resources/632
633,/repositories/2/resources/633,https://cslarchives.ctstatelibrary.org/repositories/2/resources/633
634,/repositories/2/resources/634,https://cslarchives.ctstatelibrary.org/repositories/2/resources/634
635,/repositories/2/resources/635,https://cslarchives.ctstatelibrary.org/repositories/2/resources/635
636,/repositories/2/resources/636,https://cslarchives.ctstatelibrary.org/repositories/2/resources/636
637,/repositories/2/resources/637,https://cslarchives.ctstatelibrary.org/repositories/2/resources/637
638,/repositories/2/resources/638,https://cslarchives.ctstatelibrary.org/repositories/2/resources/638
639,/repositories/2/resources/639,https://cslarchives.ctstatelibrary.org/repositories/2/resources/639
640,/repositories/2/resources/640,https://cslarchives.ctstatelibrary.org/repositories/2/resources/640
641,/repositories/2/resources/641,https://cslarchives.ctstatelibrary.org/repositories/2/resources/641
642,/repositories/2/resources/642,https://cslarchives.ctstatelibrary.org/repositories/2/resources/642
643,/repositories/2/resources/643,https://cslarchives.ctstatelibrary.org/repositories/2/resources/643
644,/repositories/2/resources/644,https://cslarchives.ctstatelibrary.org/repositories/2/resources/644
645,/repositories/2/resources/645,https://cslarchives.ctstatelibrary.org/repositories/2/resources/645
646,/repositories/2/resources/646,https://cslarchives.ctstatelibrary.org/repositories/2/resources/646
647,/repositories/2/resources/647,https://cslarchives.ctstatelibrary.org/repositories/2/resources/647
648,/repositories/2/resources/648,https://cslarchives.ctstatelibrary.org/repositories/2/resources/648
649,/repositories/2/resources/649,https://cslarchives.ctstatelibrary.org/repositories/2/resources/649
650,/repositories/2/resources/650,https://cslarchives.ctstatelibrary.org/repositories/2/resources/650
651,/repositories/2/resources/651,https://cslarchives.ctstatelibrary.org/repositories/2/resources/651
652,/repositories/2/resources/652,https://cslarchives.ctstatelibrary.org/repositories/2/resources/652
653,/repositories/2/resources/653,https://cslarchives.ctstatelibrary.org/repositories/2/resources/653
654,/repositories/2/resources/654,https://cslarchives.ctstatelibrary.org/repositories/2/resources/654
655,/repositories/2/resources/655,https://cslarchives.ctstatelibrary.org/repositories/2/resources/655
656,/repositories/2/resources/656,https://cslarchives.ctstatelibrary.org/repositories/2/resources/656
657,/repositories/2/resources/657,https://cslarchives.ctstatelibrary.org/repositories/2/resources/657
658,/repositories/2/resources/658,https://cslarchives.ctstatelibrary.org/repositories/2/resources/658
659,/repositories/2/resources/659,https://cslarchives.ctstatelibrary.org/repositories/2/resources/659
660,/repositories/2/resources/660,https://cslarchives.ctstatelibrary.org/repositories/2/resources/660
661,/repositories/2/resources/661,https://cslarchives.ctstatelibrary.org/repositories/2/resources/661
662,/repositories/2/resources/662,https://cslarchives.ctstatelibrary.org/repositories/2/resources/662
663,/repositories/2/resources/663,https://cslarchives.ctstatelibrary.org/repositories/2/resources/663
664,/repositories/2/resources/664,https://cslarchives.ctstatelibrary.org/repositories/2/resources/664
665,/repositories/2/resources/665,https://cslarchives.ctstatelibrary.org/repositories/2/resources/665
666,/repositories/2/resources/666,https://cslarchives.ctstatelibrary.org/repositories/2/resources/666
668,/repositories/2/resources/668,https://cslarchives.ctstatelibrary.org/repositories/2/resources/668
669,/repositories/2/resources/669,https://cslarchives.ctstatelibrary.org/repositories/2/resources/669
670,/repositories/2/resources/670,https://cslarchives.ctstatelibrary.org/repositories/2/resources/670